{
    "avg_prec": 0.5977099673065681,
    "roc_auc": 0.9096507760532152
}