{
    "avg_prec": 0.5950643508562228,
    "roc_auc": 0.9535735402808574
}