{
    "avg_prec": 0.6187261988238504,
    "roc_auc": 0.939639689578714
}